{"val_loss": [6.401452182494488, 6.158781459651043, 6.254442740961449, 6.068565589865458, 5.894414208598973, 5.855281584041634, 5.860657544480157, 5.874845121324677, 5.7692109678209444, 5.744164235813102, 5.661524143415628, 5.744222749139845, 5.61422449288909, 5.669225904130444, 5.580960588356883, 5.557579473121879, 5.541785122193012, 5.627872919298939, 5.659710667796971, 5.554031504798181, 5.478805773036996, 5.583799234370596, 5.54772797319078, 5.819354180208187, 5.419858494984735, 5.365227945072135, 5.335253469722787, 5.365925749552619, 5.349191798377283, 5.3342928591462755, 5.250878746976557, 5.259360141360883, 5.193281006567257, 5.148511318816352, 5.277526066475308, 5.1709709708223635, 5.2646766544617325, 4.938926836878983, 5.1348441802349285, 4.963775634765625, 4.7466290119997, 4.894507140228429, 4.916959905132805, 4.823906028393617, 4.766554832458496, 4.691044514941186, 4.639955287127151, 4.612314025151361, 4.640587868149748, 4.621755290277226], "val_acc": [0.0, 0.6804123719021217, 0.7113402072609085, 0.7938144360620951, 0.8041237137981296, 0.731958765037281, 0.8350515470062334, 0.845360824742268, 0.7422680427733156, 0.845360824742268, 0.7835051583260605, 0.7835051583260605, 0.7525773251179567, 0.8144329915341643, 0.7525773159007436, 0.7525773159007436, 0.7938144360620951, 0.7628866028539913, 0.7731958713728128, 0.8556701116955158, 0.6391752561957565, 0.6082474322048659, 0.8659793802143372, 0.6701030940124669, 0.948453602102614, 0.7731958713728128, 0.5670103120435145, 0.7731958805900259, 0.7731958713728128, 0.7628866028539913, 0.680412367139895, 0.4123711344814792, 0.6804123625312883, 0.48453609015523774, 0.7216494826926398, 0.5979381477095417, 0.6082474229876528, 0.3195876339354466, 0.6494845339317912, 0.5979381498602248, 0.6391752608043632, 0.34020619739576713, 0.6494845456069278, 0.5773195805623359, 0.3092783643412836, 0.29896908537628725, 0.5463917565714452, 0.6391752700215763, 0.2989690749301124, 0.32989691044251945], "loss": [6.870468507588528, 6.3967331041514255, 6.302025347844952, 6.214743224807264, 6.160846815802234, 6.074291610387783, 6.046290729285111, 5.9905151941372035, 5.971307190231799, 5.8918612044575305, 5.868607328012327, 5.80306508549357, 5.762363872726071, 5.743523909558887, 5.716650332546564, 5.722229893232299, 5.66967094150794, 5.65454013784864, 5.594673745772418, 5.603741206924808, 5.5739096077255725, 5.579921496368197, 5.538410706503581, 5.4822436006011435, 5.496908001421232, 5.437381566189565, 5.434434301712933, 5.398324393896083, 5.36975250937122, 5.351128820729503, 5.3237882716432985, 5.277357847220345, 5.288715974682343, 5.262188825640299, 5.191711811870852, 5.1347719426798575, 5.153896905971646, 5.066403981311098, 5.031046842621272, 5.004287132342381, 4.986408177544089, 4.930602670953348, 4.9135036369508525, 4.867828565485337, 4.824817454526169, 4.8172698763415065, 4.761229267582349, 4.777533309269941, 4.740214994621937, 4.722504369940312], "acc": [0.31833910655913467, 0.4382929708357501, 0.5155709377879915, 0.5201845494675801, 0.5444060044820745, 0.5570934312772586, 0.5594002345647779, 0.5870818943300874, 0.5997693282922659, 0.6066897368142349, 0.5893887082391956, 0.5986159190174618, 0.6078431408298057, 0.5870818990737097, 0.6043829388890712, 0.6136101572983818, 0.6159169576984789, 0.6205305702546063, 0.612456756067111, 0.5893887076204624, 0.5824682867238266, 0.5986159243798174, 0.6182237636671759, 0.5824682834239154, 0.5801614852925073, 0.5467128095742328, 0.5859284972237055, 0.5582468352928294, 0.5617070426990417, 0.5444060019555801, 0.5386389896118929, 0.51903114826209, 0.5340253797369432, 0.5005767081435576, 0.4717416434603579, 0.49480969786231493, 0.45674741072225733, 0.4625144261596112, 0.47404845043449667, 0.44405998201931224, 0.4475201937566579, 0.43598616546000574, 0.4325259619724379, 0.44175317883491516, 0.41868512925392204, 0.3910034648481125, 0.3910034690245625, 0.4094579062556725, 0.38523645374189197, 0.38869666228244876]}