{"val_loss": [0.879148260859035, 0.6625165955332302, 0.6471003862035355, 0.6459103734701271, 0.7385957081045881, 0.7160375262266837, 0.6919149984449349, 0.644886957719022, 0.6447638281239759, 0.6661064592783883, 0.6706570218873504, 0.6734754895203866, 0.6398412125222634, 0.675192559325455, 0.646053040587662, 0.6592450205911726, 0.6465989151256997, 0.6591906563547634, 0.6385964995262606, 0.644839121991356, 0.6626064825378009, 0.6640859098242433, 0.6745092980813661, 0.6539269021693492, 0.6439716703939757, 0.6617621687434664, 0.6452134071580515, 0.6470267964689523, 0.6393669355635675, 0.6510841926472299, 0.6641951903400806, 0.6415015419057551, 0.6530942532840192, 0.6381011489253716, 0.6483741174608268, 0.6522817659698077, 0.6440539008018954, 0.6389048755568946, 0.6566423057709765, 0.648701046937264, 0.6513040257780344, 0.6543753051117762, 0.6638674688019208, 0.6469558229382406, 0.6676173770187686, 0.6497928200152097, 0.6456345439757276, 0.6541391987128545, 0.6518731341265992, 0.6469780246683415], "val_acc": [0.1744966458954267, 0.1744966458954267, 0.1744966458954267, 0.1744966458954267, 0.1744966458954267, 0.1744966458954267, 0.1744966458954267, 0.1744966458954267, 0.20805369087513662, 0.1744966458954267, 0.1744966458954267, 0.1744966458954267, 0.1744966458954267, 0.1744966458954267, 0.1744966458954267, 0.1744966458954267, 0.1744966458954267, 0.1744966458954267, 0.20805369087513662, 0.1744966458954267, 0.1744966458954267, 0.1744966458954267, 0.1744966458954267, 0.1744966458954267, 0.1744966458954267, 0.1744966458954267, 0.1744966458954267, 0.1744966458954267, 0.1744966458954267, 0.1744966458954267, 0.1744966458954267, 0.1744966458954267, 0.1744966458954267, 0.20805369087513662, 0.1744966458954267, 0.1744966458954267, 0.1744966458954267, 0.20805369087513662, 0.1744966458954267, 0.1744966458954267, 0.1744966458954267, 0.1744966458954267, 0.1744966458954267, 0.1744966458954267, 0.1744966458954267, 0.1744966458954267, 0.1744966458954267, 0.1744966458954267, 0.1744966458954267, 0.1744966458954267], "loss": [2.6442808753493203, 1.7550326186108451, 1.7046430992942325, 1.7622905094499532, 1.7052282425709542, 1.6826941395081536, 1.6677508347296301, 2.2743489597574134, 1.6563544859086847, 1.6461544815515508, 1.6664422722910182, 1.6715449521996382, 1.6694915342882188, 1.661254227505943, 1.6706911497722472, 1.663416571699815, 1.652687448986693, 1.6571760418787167, 1.6379079494862199, 1.6702988568068928, 1.643826271068154, 1.642279556031861, 1.6322659826003059, 1.642141035526474, 1.634300603342883, 1.6554346601398005, 1.653901364072899, 1.6572804209813907, 1.6363834549236849, 1.6374123602933277, 1.643209602102379, 1.6333016046898903, 1.636530603287537, 1.6352457218087477, 1.6250190617721205, 1.6277773621454403, 1.6247621884924828, 1.6395275034656414, 1.9288308648015722, 1.6386541452021957, 1.629340415056041, 1.6465802468316404, 1.657769276227565, 1.63412635932768, 1.6253409378790442, 1.6284779875264692, 1.637484800608861, 1.6255002159603757, 1.631327675946186, 1.6335122860925047], "acc": [0.4277456746883475, 0.5173410501094223, 0.46820810019453135, 0.47976879250107474, 0.4855491391496162, 0.5404624385985336, 0.5462427797345067, 0.4826589631551952, 0.5231213986529091, 0.5404624311910199, 0.523121388661379, 0.5115607012214, 0.5289017372048659, 0.5289017430619697, 0.5260115693070296, 0.5231213914176632, 0.5375722620873092, 0.5404624384262658, 0.531791910270735, 0.48843931204321756, 0.5317919107875383, 0.531791910959806, 0.5433526044291568, 0.5404624308464844, 0.5722543414617549, 0.5462427826630587, 0.5375722624318449, 0.5317919159555711, 0.5404624379094626, 0.557803477855087, 0.531791913888358, 0.5231213986529091, 0.5549133044446823, 0.546242789553769, 0.5433526063241021, 0.531791918884123, 0.5549133042724146, 0.5375722593310251, 0.46531792407090955, 0.5404624330859653, 0.554913301860666, 0.5433526118366705, 0.5520231291393324, 0.5578034802668357, 0.5433526118366705, 0.55491329462542, 0.5346820914331888, 0.5346820895382435, 0.549132963480977, 0.5606936509209561]}