{"val_loss": [1.6137482850782332, 1.292622079772334, 1.1704539050979, 1.1184585551100392, 1.3170413973350679, 1.2604327668105402, 1.1885460538248862, 1.1176737746404064, 1.1411942241172637, 1.235345326844723, 1.2574432429767424, 1.4391415758479027, 1.5569917689408026, 1.0617616424156773, 1.444126425250884, 1.105602172113234, 1.1092198231527883, 1.0618295304236873, 1.1723886790775484, 1.1395348668579133, 1.24850784578631, 1.0340674305635114, 1.0294342677920096, 1.0072324521118594, 1.0989122381133418, 1.1567562097503292, 1.0428064208357566, 1.208716683810757, 1.0247693150754897, 1.4982687898220555, 1.0011895866163316, 1.0036446226219977, 1.0532488589805942, 0.9735431642301621, 0.9864992071543971, 0.9908623789106646, 1.0217160347007936, 1.0412007185720629, 1.0110063995084455, 1.0005200726370658, 1.063355768640195, 0.9668608658736751, 1.0135389600069291, 1.1010228806445677, 0.9325971923047497, 0.9072856869428388, 0.9611518560878692, 0.9480286581862357, 0.8869105132837449, 1.1396692368772723], "val_acc": [0.3185483906418085, 0.1612903278381113, 0.3185483906418085, 0.37903226251083033, 0.23790322875063266, 0.3185483906418085, 0.34274193848813733, 0.3588709697848366, 0.3588709697848366, 0.2862903226407305, 0.22983871670740266, 0.3185483906418085, 0.3185483906418085, 0.3145161328176337, 0.12096774644188342, 0.3588709697848366, 0.37499999747641627, 0.2983871015209344, 0.27822580699238086, 0.2620967774982414, 0.29838709791581475, 0.35483871556578145, 0.3145161328176337, 0.34274193848813733, 0.22983871490484284, 0.330645164114333, 0.3266129107965577, 0.3548387119606618, 0.3266129026850385, 0.2782258083443007, 0.34274193758685745, 0.32258064846598333, 0.3548387119606618, 0.3951612938075296, 0.45967742620456603, 0.37903226251083033, 0.3508064577416066, 0.3185483906418085, 0.375000000180256, 0.3629032312141311, 0.46774193824779603, 0.3951612938075296, 0.4395161298734526, 0.4032258130609989, 0.3629032312141311, 0.45161290695109674, 0.4717741996770905, 0.366935488137026, 0.47983870811520085, 0.36290322760901145], "loss": [2.5696545269807824, 1.7953000599556124, 1.6392884553685363, 1.6512276716077858, 1.6050959338060757, 1.6270808256589449, 1.653941953713112, 1.6357792504885902, 1.5317919143298377, 1.5621840321583305, 1.566088465061265, 1.543348669040541, 1.6309267883358696, 1.6130208341698897, 1.46600296043674, 1.5297862962189956, 1.4670841206423184, 1.4989466565823266, 1.4845995951278006, 1.5104270377139815, 1.4990896946988126, 1.5314009353699471, 1.460236006420151, 1.4157914314192799, 1.4783283824380111, 1.4160826963934339, 1.442643308446475, 1.4173168716160391, 1.4231603415871439, 1.4244251236741843, 1.788878480915116, 1.410596937785747, 1.387837735747519, 1.390252703355874, 1.409582956599803, 1.3674105335826334, 1.402653502549237, 1.4255869972561053, 1.414145643894489, 1.3675629853719642, 1.3954762775405698, 1.4118396521579881, 1.3254871315319046, 1.365904654568506, 1.4554002521491727, 1.3143912927824477, 1.2976514506436552, 1.3057940257223029, 1.2667512162494274, 1.236711005932889], "acc": [0.3967611397567548, 0.5668016190712268, 0.5425101324372928, 0.546558712537472, 0.578947379038884, 0.5587044616459835, 0.5506072989118244, 0.5141700505003756, 0.5425101233880046, 0.5303643815189238, 0.5222672160096496, 0.4979757203264275, 0.5627530407809053, 0.4696356338045375, 0.5829959617935212, 0.5222672160096496, 0.5627530435560203, 0.522267219629365, 0.5627530435560203, 0.542510129782835, 0.5506072961367093, 0.5789473826585994, 0.55060730337614, 0.5668016263106574, 0.5222672168542499, 0.5910931200633648, 0.5587044580262682, 0.5465587133820723, 0.5425101334025503, 0.5506072925169941, 0.502024303533529, 0.5627530480203359, 0.595141694733971, 0.5951417136771476, 0.570850216304725, 0.6072874583213436, 0.6396761239781553, 0.587044543703558, 0.5951416991982865, 0.6234817965793223, 0.5546558825110617, 0.6923076925490067, 0.6599190377513406, 0.6437247031130772, 0.6356275339840878, 0.6477732750085684, 0.680161937045665, 0.6923076953241217, 0.651821865002636, 0.6599190305119101]}