{"val_loss": [0.0, 0.0], "val_acc": [0.0, 0.0], "loss": [11.569738243058412, 14.741059979035375], "acc": [0.09161793372319688, 0.12280701754385964]}