{"val_loss": [0.018583451407951312, 0.013531325579426446, 0.014224062868199506, 0.012950500565488915, 0.013186087842089134, 0.012799938403806844, 0.013822749584585755, 0.013197966738716586, 0.014219867300938119, 0.013509182392486505, 0.012729794247546694, 0.014519843436613843, 0.013669471829556502, 0.015632656679212393, 0.013374332205525466, 0.013498868291767744, 0.01336948068014213, 0.014175458913566648, 0.013244626644466604, 0.013755997642874718, 0.01316220264185916, 0.013236961266087307, 0.01375051454773971, 0.012987644575372503, 0.013951545796142174, 0.01307493069587828, 0.013902552917108431, 0.013362779026175593, 0.013838609578190268, 0.01328627403907396, 0.013447296815914112, 0.013005569004095517, 0.013067296327470423, 0.013076462353078218, 0.013047128608757322, 0.013076847930858424, 0.012868580377691395, 0.012953330813855916, 0.013059922483759923, 0.012872503609857061, 0.012734956251314053, 0.012559699611021923, 0.01263475164279833, 0.011839173017786099, 0.01251060305838729, 0.01207203193884957, 0.011498093451526794, 0.011907661824927225, 0.013277979782567574, 0.012292728892394475], "val_acc": [0.3296703333546827, 0.3296703333546827, 0.3296703333546827, 0.31868131974568736, 0.33333333679935434, 0.3296703333546827, 0.3296703333546827, 0.32234432646533945, 0.3296703333546827, 0.3186813230206678, 0.3150183195759962, 0.3296703333546827, 0.282051288164579, 0.3296703333546827, 0.3296703333546827, 0.3296703333546827, 0.2600732642215687, 0.3296703333546827, 0.3296703333546827, 0.3296703333546827, 0.3296703333546827, 0.3296703333546827, 0.3296703333546827, 0.3296703333546827, 0.3296703333546827, 0.2967033019432655, 0.3296703333546827, 0.322344323190359, 0.3296703333546827, 0.27838828471990734, 0.31868131974568736, 0.3296703333546827, 0.31868131974568736, 0.3296703366296632, 0.31868131974568736, 0.32234432646533945, 0.30402930596700084, 0.3260073299100111, 0.32234432646533945, 0.32600732704440316, 0.33699634024402597, 0.3296703333546827, 0.3626373676317079, 0.3919414017390419, 0.3956043957681446, 0.3882783913350367, 0.4175824225767628, 0.4358974430751015, 0.3919414017390419, 0.3846153882997377], "loss": [0.012966816132093835, 0.012706171166535248, 0.010653296738917776, 0.00999456416705952, 0.009472871452624746, 0.010330710929873236, 0.009935427594053395, 0.010337447987266761, 0.009613363044884275, 0.009856963156969012, 0.009264249703846872, 0.00926490728948813, 0.009420689178274615, 0.009675613138824701, 0.010569502592689413, 0.009523869317490608, 0.0094530103070771, 0.009788954948924263, 0.009496698488125248, 0.00938081496860832, 0.009387558702762951, 0.009604339874760412, 0.009567426634021103, 0.009573624209117363, 0.009281948746373767, 0.010068018561201719, 0.009382429989808075, 0.009365599835291505, 0.009110863568768016, 0.009205869512002477, 0.009213928119553363, 0.008854332229341655, 0.008420725972802542, 0.00849754998446716, 0.008500060004949132, 0.008406776623279951, 0.008415438864818391, 0.008392657988759525, 0.00835170334090328, 0.00812593007209644, 0.007756060534815975, 0.007759971027125549, 0.00813144858008908, 0.00757427469087655, 0.0067424624987110935, 0.006539179405937081, 0.007618438671616947, 0.0059305955210755415, 0.007297569026430959, 0.0069543292081695705], "acc": [0.45588235907694874, 0.547794131014277, 0.5514706051086679, 0.5294117725947324, 0.5551470618914155, 0.5147058913374648, 0.5147058915565995, 0.540441180634148, 0.5551470689037267, 0.5367647135520682, 0.5588235390536925, 0.5294117791687741, 0.5514705950284705, 0.5110294244745198, 0.5514705952476052, 0.5477941215914839, 0.5477941246593699, 0.488970589111833, 0.5404411839211688, 0.5514705919605845, 0.5477941248785047, 0.5220588353626868, 0.5367647135520682, 0.5514706016025123, 0.5330882499761441, 0.5477941180853283, 0.5110294244745198, 0.5698529466548387, 0.5404411808532827, 0.5441176542902694, 0.5588235392728272, 0.5477941279463908, 0.5955882392385426, 0.5551470588235294, 0.566176473217852, 0.5808823579812751, 0.5625000059166375, 0.5551470684654572, 0.6066176540711347, 0.5772058812572676, 0.6323529499418595, 0.5882353020064971, 0.5698529438060873, 0.5992647199069753, 0.6727941207149449, 0.7022058933096773, 0.6544117688694421, 0.7132352945559165, 0.6323529495035901, 0.6691176567007514]}