{"val_loss": [0.587652051448822, 0.5385973143577576, 0.5424664306640625, 0.5242600393295288, 0.5218026609420776], "val_acc": [0.9899999914169312, 0.9899999914169312, 0.9899999914169312, 0.9899999914169312, 0.9899999914169312], "loss": [1.0845436591042412, 0.6495174455112881, 0.6152777304649353, 0.6575172296100192, 0.616362646261851], "acc": [0.954444443596734, 0.989777777618832, 0.9897777769300673, 0.9897777780426873, 0.9897777784665426]}