{"val_loss": [0.013146025527800833, 0.013624146447650023, 0.013145835578932867, 0.013462481447137319, 0.014868159850056354, 0.014744852116884111, 0.01359010988252831, 0.013738202565646434, 0.012704004513120258, 0.013760677927716092, 0.013269743411341212, 0.01528615828931004, 0.013179035928960029, 0.013657659926748538, 0.013329064002731345, 0.013595008004743319, 0.013147632898455794, 0.013176327857833642, 0.013484004373242566, 0.013765888524006356, 0.013943667042550149, 0.0130046477623202, 0.015182028053799174, 0.01358380382573539, 0.014271575589101393, 0.013119761258936845, 0.013374818345675102, 0.015159443010586304, 0.013126998208463192, 0.013552213537987771, 0.013683410003208198, 0.013434276987726871, 0.013447333413821, 0.013280519325245212, 0.013456280097611004, 0.01299618877429556, 0.012869616673624778, 0.014130618310646041, 0.013170314727576224, 0.013030917926149055, 0.013278205940438496, 0.013271384729215732, 0.012799682371973336, 0.013607776253023646, 0.011903594196825237, 0.013119206907084355, 0.011531491374985858, 0.011688095466284961, 0.011135572025163487, 0.011531638616061473], "val_acc": [0.3296703333546827, 0.3296703333546827, 0.3296703333546827, 0.3296703333546827, 0.3296703333546827, 0.3296703333546827, 0.3296703333546827, 0.3296703333546827, 0.3296703333546827, 0.3296703333546827, 0.3260073299100111, 0.3296703333546827, 0.33333333679935434, 0.3296703333546827, 0.28937729055082406, 0.33333333679935434, 0.3150183195759962, 0.3260073299100111, 0.3296703333546827, 0.3296703333546827, 0.3296703333546827, 0.33333333679935434, 0.3296703333546827, 0.29304029849859387, 0.3296703333546827, 0.34432234713336923, 0.33699634024402597, 0.3296703333546827, 0.3296703333546827, 0.3296703333546827, 0.3296703333546827, 0.3040293125169618, 0.32234432646533945, 0.2967033019432655, 0.3260073299100111, 0.34798535057804086, 0.36996337452105116, 0.3516483511571046, 0.3443223508177223, 0.3260073299100111, 0.34798535057804086, 0.36263736804108043, 0.3626373647660999, 0.41758242626111586, 0.4285714333201503, 0.3846153854341297, 0.44688644726852794, 0.4029304022481153, 0.45054946053814104, 0.4285714361857582], "loss": [0.013098670354606035, 0.011050470912938608, 0.010750758591765427, 0.011074013480752268, 0.009889077710206895, 0.010151434789055629, 0.010091635453350404, 0.009939370943945558, 0.0101598147816463, 0.009462043184184414, 0.009683827157406247, 0.009632044377640876, 0.009761915227179141, 0.00977938888964298, 0.009491533109479967, 0.00938127702786861, 0.009260296862681998, 0.009243142921203637, 0.009300974567475565, 0.009056588360930191, 0.009306206833571196, 0.009617042960599065, 0.009255484428756651, 0.00935477131690063, 0.00929226287339321, 0.009501851965015864, 0.00974331538685981, 0.009121949301676495, 0.00967260415200144, 0.009339502827702639, 0.008970275600029923, 0.009019798540975899, 0.008879593303016223, 0.009058659067651367, 0.008661483024137424, 0.008834021258414449, 0.008251685320454486, 0.008648310185355298, 0.008963134917019703, 0.008392546894302702, 0.008406829790842226, 0.0079508741002749, 0.007600969503126929, 0.006426692239234827, 0.0066956183017121956, 0.007135589016423396, 0.007375008368398994, 0.00657005566651659, 0.006045039750461001, 0.0057329536990865185], "acc": [0.4558823607204592, 0.5514705983154914, 0.5477941244402352, 0.5514705950284705, 0.48897060039727125, 0.5441176545094041, 0.5073529538862845, 0.5551470719716128, 0.5367647170582238, 0.5220588287886452, 0.5477941145791727, 0.544117657796425, 0.5330882462508538, 0.5367647170582238, 0.5367647166199544, 0.5257352958707249, 0.5477941248785047, 0.5514705950284705, 0.5441176608643111, 0.5477941246593699, 0.5477941248785047, 0.5551470621105503, 0.5404411874273244, 0.5477941199479734, 0.5257353026639012, 0.5514705948093358, 0.5294117758817533, 0.5257353059509221, 0.5404411839211688, 0.533088242963833, 0.5367647069780266, 0.5588235357666717, 0.5772058908991954, 0.5698529602411915, 0.569852950380129, 0.5551470653975711, 0.5955882458125844, 0.573529410888167, 0.5625000092036584, 0.5808823579812751, 0.5698529435869526, 0.602941186989055, 0.6139705980963567, 0.6727941272889867, 0.6691176531945958, 0.6691176437718027, 0.6580882388002732, 0.7205882322262315, 0.7169117651441518, 0.7132352945559165]}