{"loss": [0.48597249344876425, 0.42573605609940507, 0.42314579450907536, 0.4163619255827847, 0.4329611950860414, 0.40679419630667635, 0.2956502509308958, 0.22683274342707452, 0.22384990109464498, 0.229705440558474, 0.21318375730854297, 0.21181997961777702, 0.3923427867136734, 0.36140145467651474, 0.2087001303281991, 0.20783038696403738, 0.20784286881247754, 0.20537228144554903, 0.23665499459897815, 0.20630296651245889], "acc": [0.9885240694215831, 0.9901325478679491, 0.9845274192157972, 0.9647376476439475, 0.9740073348934085, 0.9922434953376559, 0.991992260822543, 0.9925178318763951, 0.9924311992852143, 0.9925755869371823, 0.9928297092039574, 0.9933726067753571, 0.9930549539410275, 0.9937711166954774, 0.9934621271188888, 0.9935285454394825, 0.9933928210486981, 0.9936469433140963, 0.9937480146704739, 0.9938750758042058]}