{"val_loss": [4.875962524164107, 3.8521303794076367, 3.779867500066757, 4.124215889842279, 3.980794096185315, 4.932583655080488, 3.8641544734278033, 3.7895812392234802, 4.375148992865316, 3.9815494408530574, 4.523605674985917, 3.9784398852817473, 4.338612450226661, 4.288505912788453, 4.6595826658510395, 3.8321660285995853, 4.02519945175417, 3.995098069790871, 4.921357546602526, 5.027829222140774, 5.74190049498312, 4.368512168045966, 6.075370998151841, 3.681500143581821, 5.091001140975183, 4.993273190913662, 4.926400425934022, 3.5884533957127602, 4.786922861972163, 4.3433017749940195, 3.9889656391835984, 5.564606232508536, 4.832552419554803, 4.368624627590179, 4.804567203887047, 4.925509053853251, 4.763035530044187, 4.94353495586303, 5.014210729349044, 5.217001997655438, 4.921601585803494, 5.138979723376613, 5.129390523799004, 5.7012913650082, 5.094344549602078, 4.537188402587367, 4.7241714096838425, 5.315892522373507, 4.794301594938001, 5.384303773122449], "val_acc": [0.3185483906418085, 0.16532258566228614, 0.3185483906418085, 0.3185483906418085, 0.3185483906418085, 0.3185483906418085, 0.3185483906418085, 0.11693548591386888, 0.3185483906418085, 0.3185483906418085, 0.3185483906418085, 0.3185483906418085, 0.3185483906418085, 0.3185483906418085, 0.16532258566228614, 0.3185483906418085, 0.3185483906418085, 0.3185483906418085, 0.3185483906418085, 0.3185483906418085, 0.3185483906418085, 0.3185483906418085, 0.3185483906418085, 0.3185483906418085, 0.3185483906418085, 0.3185483906418085, 0.3185483906418085, 0.3185483906418085, 0.3185483906418085, 0.3185483906418085, 0.3185483906418085, 0.3185483906418085, 0.3185483906418085, 0.3185483906418085, 0.3185483906418085, 0.3185483906418085, 0.3185483906418085, 0.3185483906418085, 0.3185483906418085, 0.3185483906418085, 0.3185483906418085, 0.3185483906418085, 0.3185483906418085, 0.3185483906418085, 0.3185483906418085, 0.3185483906418085, 0.3185483906418085, 0.3185483906418085, 0.3185483906418085, 0.3185483906418085], "loss": [4.091384965881162, 1.4839235973744258, 1.4826957827154923, 1.3537634461514862, 1.3501975652177325, 1.3614262282124414, 1.2932899982823052, 1.2922426018155055, 1.2825395322521689, 1.2002755668964462, 1.2338578049470539, 1.2416129923059873, 1.2087795300039685, 1.2039617734399402, 1.2188155709007973, 1.1975751400959154, 1.2035534333603586, 1.162170960352971, 1.1656395759177112, 1.1684686232674941, 1.1516846505253904, 1.2259356451903278, 1.1417798766723046, 1.1823352932447364, 1.1241531386549173, 1.1769266611168743, 1.1650961347919726, 1.2036485570645044, 1.1319282320346908, 1.14447264777504, 1.1572874567286688, 1.1307553050489079, 1.1725445044668097, 1.1585878486092758, 1.1492267234122704, 1.1504425389563988, 1.16090546059705, 1.1622147589077352, 1.161498136607259, 1.153387028920023, 1.1502916817723015, 1.1386433304080115, 1.157703938030521, 1.139788286406019, 1.1507475178251383, 1.1674062201851292, 1.1434417984746246, 1.1547178042079755, 1.1618537999357772, 1.1220983590191675], "acc": [0.42510121819461405, 0.49797571670671226, 0.40890688802066605, 0.4979757203264275, 0.46153846829526335, 0.47773279931381163, 0.49797571224239673, 0.4979757194818273, 0.47773280570864196, 0.49392713310747494, 0.44534413546685747, 0.510121469133296, 0.5222672096148193, 0.5182186377193281, 0.5182186332550126, 0.5020242949970338, 0.5060728777516709, 0.5303643815189238, 0.5303643751240935, 0.534412965118161, 0.5263157923694565, 0.5141700477252605, 0.5263157923694565, 0.5506072916723939, 0.55060730337614, 0.5425101306274352, 0.5344129606538456, 0.5060728813713862, 0.5425101233880046, 0.542510129782835, 0.5303643742794932, 0.546558709762357, 0.5506072888972788, 0.5546558780467462, 0.5425101225434045, 0.5546558788913464, 0.550607294869809, 0.5384615397887674, 0.5384615442530829, 0.5506072961367093, 0.550607306151255, 0.542510129782835, 0.5546558788913464, 0.5546558825110617, 0.5384615442530829, 0.5506072961367093, 0.5546558788913464, 0.5506072961367093, 0.554655886130777, 0.5506072961367093]}