{"val_loss": [0.36016330003738406, 0.47190243649482727, 0.360991201877594, 0.39640482544898986, 0.40357457971572874], "val_acc": [0.9880000071525574, 0.9880000071525574, 0.9880000071525574, 0.9880000071525574, 0.9880000071525574], "loss": [0.7774848860237333, 0.320192796866099, 0.303623617861006, 0.32404168212413786, 0.29770911386277943], "acc": [0.9595555551317003, 0.9899999998410542, 0.9900000002649095, 0.9899999995761447, 0.9899999994171991]}