{"val_loss": [7.71343301809751, 7.662975485508259, 7.3109593299719, 7.248056109134968, 7.1233601203331585, 7.187045005651621, 7.181579177196209, 7.235162074749287, 7.170943682010357, 7.158785003882188, 7.207732585760263, 7.349394358121431, 7.164825017635639, 7.234223099855276, 7.232991328606238, 7.169863407428448, 7.31922368819897, 7.282502623704763, 7.199213908268855, 7.377532234558692, 7.276570274279668, 7.224532870145945, 7.309346116506136, 7.182760146948008, 7.214549532303443, 7.262107629042405, 7.216249190844023, 7.243285188308129, 7.277905207413894, 7.09487010882451, 7.080822880451496, 7.302361965179443, 7.0333079649851875, 6.818637802050664, 7.086335750726553, 6.890713370763338, 7.098563276804411, 6.795699587235084, 6.86171149290525, 6.6971338253754835, 6.699243683081407, 6.685951407139118, 6.7727570442052984, 6.666594065152681, 6.796460105822637, 6.90784109555758, 6.62091234097114, 6.623239113734319, 6.731428421460665, 6.566306930321914], "val_acc": [0.8076923105579156, 0.8076923105579156, 0.0, 0.8076923105579156, 0.8076923105579156, 0.8076923105579156, 0.8076923105579156, 0.8076923105579156, 0.8076923105579156, 0.8076923105579156, 0.8076923105579156, 0.8076923105579156, 0.8076923105579156, 0.8076923105579156, 0.8076923105579156, 0.8076923105579156, 0.8076923105579156, 0.6923076808452606, 0.7211538415688735, 0.7211538415688735, 0.7307692342079602, 0.7307692342079602, 0.7307692342079602, 0.8076923105579156, 0.7211538501656972, 0.8076923105579156, 0.7307692342079602, 0.7211538501656972, 0.673076925942531, 0.7692307743888634, 0.7596153863347493, 0.673076925942531, 0.8076923105579156, 0.7692307703770124, 0.673076925942531, 0.7692307673681241, 0.8076923105579156, 0.7788461544192754, 0.8846153788841687, 0.8076923191547394, 0.7884615424733895, 0.7980769225038015, 0.7980769225038015, 0.9326923076923077, 0.8942307669382829, 0.7307692342079602, 0.7884615424733895, 0.7980769225038015, 0.7980769225038015, 0.7980769225038015], "loss": [9.241570998003139, 7.460598591177221, 7.2341981010641, 7.1414123193465455, 7.104887268759987, 7.027401238201774, 7.096104040502865, 7.035701012228899, 7.023771790897145, 7.018035070143919, 7.0018625667388426, 7.017813458162196, 6.995628859270065, 6.97525776643804, 6.965465856745919, 6.968274891695237, 6.915262834273558, 7.167451674925452, 6.890290030821122, 6.882101783140458, 6.856322234964626, 6.814145837875611, 6.81788632703975, 6.836234661347088, 6.825424599775019, 6.83088860282286, 6.76446706088469, 6.8004286123469555, 6.81717067861302, 6.757827044808291, 6.717768957270658, 6.813215036443211, 6.741494834104324, 6.687792933560948, 6.768514786174591, 6.631565025145995, 6.637958559760436, 6.646202084852413, 6.577558644952621, 6.610036875474899, 6.548986909223751, 6.561273003644485, 6.555859106747224, 6.5714947986092795, 6.5784059463337785, 6.588062658666927, 6.52433068484546, 6.507417092348803, 6.494517948538224, 6.5363606641636816], "acc": [0.2695187194382443, 0.3090909151310589, 0.3443850352961749, 0.3508021443843204, 0.42245989974169806, 0.4235294179164152, 0.4802139086678704, 0.4919786174348331, 0.5176470689276323, 0.5689839666539972, 0.5518716616745301, 0.5775401110955101, 0.5775401144422949, 0.5957219291498317, 0.6342246024047627, 0.6385026790878989, 0.5957219372777378, 0.5593582939974127, 0.5957219358434014, 0.6032085606758607, 0.6213903815988551, 0.6342246052734355, 0.64491979674222, 0.6491978665724157, 0.6438502678896654, 0.6074866348090656, 0.6342246024047627, 0.6149732699209356, 0.6673796846267374, 0.6171123074656502, 0.6374331613912939, 0.6684491980203333, 0.6181818246841431, 0.6620320923188153, 0.6245989366011186, 0.6823529438538984, 0.6919786144386638, 0.6695187190637232, 0.6994652422991666, 0.6983957255587858, 0.7048128355633129, 0.6962566844282303, 0.6727272807595565, 0.685561498856162, 0.6941176507880981, 0.6941176461663475, 0.697326200929555, 0.6834224653754005, 0.6983957274712344, 0.6951871657754011]}