{"val_loss": [0.0, 0.0], "val_acc": [0.0, 0.0], "loss": [9.354600772523044, 6.911247668907657], "acc": [0.24171540472242567, 0.36062378580110116]}